,0,1,2,3,4,5,6,7
0,-3175.842,-722.521,-3249.947,-750.022,-584.757,-2014.176,-1966.573,-7270.994
1,-3216.067,-3032.847,-3302.629,-2727.98,-3224.597,-2348.744,-2594.099,-7310.215
2,-3266.175,-6314.74,-3434.739,-5922.136,-6525.868,-4025.855,-4399.023,-7312.011
3,-3233.522,-5380.469,-3442.097,-5491.894,-5073.366,-4710.32,-4657.166,-7255.036
4,-3176.139,-1402.35,-3312.915,-1811.421,-833.828,-3249.864,-2920.409,-7237.656
5,-3180.078,-510.104,-3256.659,-588.701,-346.127,-2105.534,-2013.457,-7275.712
6,-3221.127,-2805.071,-3303.074,-2505.37,-2990.908,-2302.024,-2527.349,-7318.954
7,-3269.337,-6180.082,-3433.419,-5782.038,-6398.158,-3943.989,-4323.109,-7317.966
8,-3236.771,-5279.188,-3441.199,-5393.441,-4959.887,-4631.448,-4590.009,-7260.911
9,-3178.787,-1180.212,-3311.131,-1573.888,-641.38,-3165.138,-2846.942,-7242.895
10,-3180.939,-339.112,-3254.602,-296.821,-249.496,-2032.816,-1954.842,-7277.954
11,-3269.201,-6177.397,-3432.681,-5777.627,-6396.376,-3916.579,-4303.688,-7318.09
12,-3238.117,-5253.431,-3441.163,-5373.98,-4918.632,-4608.824,-4570.042,-7263.257
13,-3180.446,-1057.62,-3309.994,-1449.19,-514.732,-3125.072,-2806.249,-7246.336
14,-3182.597,-132.012,-3252.147,-59.482,-69.807,-1970.974,-1893.189,-7282.07
15,-3221.913,-2649.868,-3297.665,-2322.559,-2842.01,-2177.144,-2417.862,-7322.884
16,-3269.165,-6133.992,-3429.011,-5727.528,-6359.939,-3851.632,-4247.561,-7319.81
17,-3237.549,-5275.432,-3439.379,-5391.16,-4942.908,-4584.032,-4554.175,-7263.074
18,-3180.132,-1048.195,-3308.566,-1440.628,-507.156,-3112.377,-2794.162,-7246.578
19,-3182.416,-61.498,-3249.867,7.817,-7.707,-1946.501,-1866.196,-7282.991
20,-3221.535,-2592.161,-3294.693,-2262.162,-2785.131,-2142.797,-2382.164,-7323.803
21,-3268.33,-6125.009,-3426.409,-5713.162,-6355.761,-3825.052,-4224.104,-7319.746
22,-3236.639,-5319.431,-3438.606,-5431.14,-4994.245,-4589.575,-4563.417,-7261.916
23,-3180.496,-1045.38,-3307.978,-1435.317,-527.511,-3116.897,-2792.137,-7247.701
24,-3184.772,158.225,-3246.547,201.478,189.399,-1892.021,-1800.099,-7289.035
25,-3223.759,-2351.122,-3288.069,-2016.665,-2551.738,-2030.075,-2266.488,-7331.165
26,-3267.359,-6057.219,-3419.416,-5630.536,-6303.647,-3724.79,-4139.201,-7321.506
27,-3233.477,-5436.866,-3436.133,-5529.874,-5136.286,-4584.716,-4578.831,-7257.504
28,-3178.514,-1169.048,-3307.916,-1560.214,-664.357,-3159.66,-2834.502,-7244.464
29,-3183.777,152.349,-3245.477,183.81,192.762,-1915.977,-1813.521,-7287.997
30,-3222.792,-2325.627,-3285.848,-1993.015,-2523.998,-2030.748,-2258.927,-7330.701
31,-3232.581,-5484.509,-3435.594,-5574.002,-5187.723,-4605.519,-4600.759,-7256.347
32,-3177.591,-1191.401,-3307.193,-1583.351,-689.276,-3179.956,-2850.074,-7243.371
33,-3182.822,167.554,-3243.715,197.392,206.708,-1918.957,-1811.971,-7287.321
34,-3222.0,-2305.147,-3283.832,-1970.85,-2504.652,-2025.565,-2251.72,-7330.367
35,-3265.756,-6060.107,-3415.66,-5628.405,-6311.068,-3719.82,-4133.322,-7320.92
36,-3232.261,-5495.397,-3434.449,-5583.08,-5200.134,-4608.307,-4604.451,-7256.552
37,-3176.824,-1202.894,-3305.982,-1595.028,-699.218,-3186.194,-2855.439,-7242.706
38,-3181.691,167.295,-3242.192,194.642,207.908,-1922.878,-1813.664,-7286.074
39,-3221.081,-2291.966,-3282.031,-1960.927,-2488.574,-2023.409,-2246.892,-7329.742
40,-3267.166,-5979.121,-3413.137,-5556.668,-6221.426,-3687.975,-4095.379,-7325.064
41,-3235.644,-5337.067,-3429.957,-5435.473,-5023.32,-4524.826,-4517.262,-7264.986
42,-3178.01,-1043.116,-3299.861,-1433.009,-529.468,-3088.427,-2765.821,-7247.7
43,-3180.22,179.91,-3236.781,224.925,206.031,-1860.58,-1765.234,-7285.996
44,-3218.747,-2317.036,-3277.947,-1982.787,-2515.272,-1998.896,-2230.919,-7327.701
45,-3264.881,-6014.167,-3410.08,-5588.959,-6258.508,-3686.689,-4097.702,-7322.803
46,-3233.442,-5413.159,-3428.605,-5505.622,-5109.167,-4553.675,-4548.086,-7261.941
47,-3176.055,-1121.238,-3299.101,-1512.515,-606.799,-3129.094,-2801.638,-7244.837
48,-3178.817,183.564,-3235.147,219.429,217.49,-1882.899,-1778.809,-7284.566
49,-3217.779,-2288.007,-3275.465,-1955.21,-2484.508,-1999.69,-2225.284,-7327.413
50,-3263.864,-6017.815,-3407.92,-5588.326,-6266.175,-3685.489,-4096.926,-7322.169
51,-3231.85,-5483.039,-3428.107,-5567.133,-5193.557,-4581.469,-4579.544,-7259.347
52,-3174.466,-1223.274,-3299.751,-1615.591,-715.912,-3178.009,-2848.756,-7241.659
53,-3177.655,142.654,-3235.676,166.271,190.659,-1926.849,-1816.67,-7282.241
54,-3217.035,-2305.441,-3275.414,-1979.643,-2496.142,-2028.488,-2247.562,-7326.21
55,-3263.598,-6008.434,-3407.182,-5580.544,-6254.824,-3697.413,-4103.923,-7322.294
56,-3231.989,-5480.111,-3427.389,-5563.43,-5192.316,-4587.029,-4583.86,-7260.009
57,-3173.95,-1232.199,-3298.896,-1625.742,-723.484,-3185.6,-2856.199,-7241.117
58,-3176.465,118.803,-3234.807,142.843,170.544,-1938.838,-1828.879,-7280.506
59,-3215.725,-2331.652,-3274.73,-2007.201,-2519.911,-2044.43,-2262.879,-7324.274
60,-3263.126,-6009.344,-3406.561,-5582.95,-6253.831,-3707.096,-4111.806,-7321.915
61,-3232.226,-5478.115,-3426.939,-5561.426,-5191.466,-4590.75,-4587.479,-7260.609
62,-3173.689,-1241.184,-3298.254,-1634.21,-731.711,-3189.791,-2861.182,-7240.854
63,-3175.772,121.873,-3233.781,143.728,175.833,-1941.664,-1831.663,-7279.768
64,-3214.994,-2317.935,-3273.304,-1994.337,-2504.812,-2040.985,-2259.211,-7323.749
65,-3262.786,-5997.564,-3405.196,-5570.413,-6242.228,-3699.417,-4105.442,-7322.032
66,-3232.534,-5472.609,-3426.159,-5556.881,-5182.531,-4585.882,-4584.639,-7261.415
67,-3177.046,219.989,-3231.097,244.181,259.214,-1899.962,-1787.79,-7283.362
68,-3215.507,-2205.346,-3269.104,-1870.209,-2401.385,-1979.432,-2200.621,-7326.687
69,-3260.4,-6033.654,-3401.943,-5592.154,-6292.161,-3674.984,-4094.635,-7319.211
70,-3174.464,-1198.671,-3297.246,-1596.971,-687.464,-3204.773,-2866.221,-7242.883
71,-3178.049,287.963,-3229.029,310.335,317.887,-1879.691,-1759.938,-7286.222
72,-3215.364,-2130.629,-3265.905,-1784.075,-2336.356,-1943.18,-2165.827,-7327.908
73,-3257.97,-6090.217,-3400.076,-5636.911,-6359.965,-3675.784,-4105.164,-7315.641
74,-3227.209,-5699.834,-3427.332,-5777.112,-5409.159,-4683.554,-4693.935,-7251.322
75,-3174.445,-1215.839,-3298.009,-1616.753,-709.769,-3243.548,-2894.18,-7242.654
76,-3179.109,345.065,-3227.467,360.776,370.124,-1867.673,-1737.905,-7288.976
77,-3213.703,-2040.824,-3259.412,-1689.258,-2252.081,-1901.467,-2123.103,-7328.142
78,-3254.971,-6012.324,-3389.335,-5563.038,-6280.188,-3631.788,-4058.951,-7315.989
79,-3174.017,-1199.974,-3295.247,-1601.479,-690.971,-3236.68,-2887.132,-7243.141
80,-3174.331,299.686,-3220.122,324.001,326.073,-1874.931,-1749.659,-7283.739
81,-3227.43,-5669.23,-3420.176,-5743.958,-5378.432,-4646.986,-4663.087,-7254.839
82,-3214.683,-2032.614,-3260.894,-1680.834,-2245.836,-1898.907,-2120.977,-7329.159
83,-3255.936,-6065.422,-3394.018,-5607.586,-6339.645,-3640.9,-4075.67,-7315.036
84,-3211.546,-2070.184,-3256.804,-1724.271,-2275.972,-1915.635,-2134.853,-7325.682
85,-3173.554,-1198.538,-3293.7,-1599.446,-687.815,-3232.651,-2883.841,-7242.942
86,-3176.549,332.679,-3222.596,354.914,355.908,-1862.866,-1735.061,-7286.669
87,-3170.701,-1231.024,-3285.823,-1631.308,-712.91,-3227.312,-2884.087,-7240.989
88,-3255.496,-6049.869,-3392.371,-5595.048,-6322.382,-3637.579,-4070.454,-7315.203
89,-3254.804,-5995.952,-3387.986,-5548.941,-6262.217,-3628.172,-4053.722,-7316.414
90,-3253.807,-5975.543,-3384.577,-5528.269,-6242.397,-3614.035,-4040.694,-7316.371
91,-3173.206,285.596,-3218.854,310.836,314.05,-1881.041,-1756.507,-7282.284
92,-3172.491,279.514,-3217.64,304.512,309.081,-1883.491,-1758.792,-7281.459
93,-3171.887,285.156,-3216.162,308.664,315.493,-1881.92,-1756.436,-7281.02
94,-3254.466,-5981.224,-3386.354,-5534.585,-6246.86,-3621.334,-4046.551,-7316.657
95,-3228.062,-5648.306,-3416.524,-5719.318,-5362.227,-4629.054,-4647.593,-7257.41
96,-3171.081,291.748,-3214.549,313.178,322.634,-1882.578,-1754.962,-7280.394
97,-3207.217,-2070.097,-3249.406,-1734.019,-2266.087,-1921.597,-2135.449,-7321.585
98,-3253.156,-5966.832,-3382.712,-5518.433,-6235.689,-3605.178,-4033.227,-7316.164
99,-3227.133,-5687.931,-3414.636,-5753.677,-5407.415,-4636.821,-4661.196,-7256.544
100,-3170.479,-1247.085,-3285.318,-1647.684,-730.236,-3237.794,-2892.869,-7240.711
101,-3170.832,301.494,-3213.419,320.728,332.743,-1884.324,-1752.811,-7280.368
102,-3206.642,-2048.093,-3247.629,-1711.221,-2244.336,-1914.913,-2126.664,-7321.366
103,-3252.284,-5965.387,-3380.932,-5514.634,-6236.464,-3599.065,-4028.999,-7315.503
104,-3226.574,-5715.649,-3413.998,-5778.711,-5437.577,-4645.843,-4673.231,-7255.766
105,-3170.198,-1262.255,-3284.802,-1662.744,-745.761,-3248.898,-2902.838,-7240.366
106,-3170.613,315.854,-3212.182,332.529,347.456,-1882.799,-1749.079,-7280.499
107,-3206.248,-2017.979,-3245.824,-1680.231,-2214.783,-1903.999,-2114.885,-7321.487
108,-3226.195,-5739.939,-3413.314,-5799.813,-5464.306,-4650.582,-4681.409,-7255.299
109,-3169.724,-1283.887,-3284.302,-1685.281,-763.565,-3259.53,-2913.982,-7239.669
110,-3169.964,311.888,-3211.284,327.233,345.081,-1888.919,-1754.543,-7279.712
111,-3205.462,-2015.536,-3244.577,-1678.744,-2211.881,-1906.059,-2115.866,-7320.676
112,-3251.124,-5959.427,-3378.064,-5505.943,-6234.575,-3591.44,-4021.589,-7314.781
113,-3225.959,-5765.039,-3413.162,-5822.66,-5490.955,-4664.319,-4694.498,-7254.772
114,-3169.802,-1295.8,-3284.325,-1698.416,-775.536,-3270.714,-2924.696,-7239.624
115,-3169.684,314.334,-3210.529,328.53,347.382,-1890.12,-1756.416,-7279.46
116,-3204.859,-2006.839,-3243.401,-1671.556,-2202.997,-1904.192,-2114.155,-7320.11
117,-3251.061,-5937.432,-3376.679,-5486.616,-6211.946,-3584.161,-4011.581,-7315.353
118,-3226.64,-5740.141,-3411.843,-5797.851,-5464.579,-4650.186,-4679.261,-7256.498
119,-3169.659,-1282.834,-3282.762,-1683.428,-759.603,-3256.823,-2914.151,-7239.959
120,-3168.759,301.229,-3209.288,318.158,334.863,-1887.547,-1758.277,-7278.241
121,-3203.664,-2030.371,-3242.361,-1697.672,-2224.717,-1910.68,-2121.841,-7318.417
122,-3249.836,-5957.543,-3375.79,-5505.885,-6233.695,-3596.481,-4023.011,-7313.605
123,-3225.964,-5773.019,-3411.831,-5829.723,-5497.427,-4672.639,-4700.237,-7255.225
124,-3169.384,-1296.498,-3282.704,-1698.572,-770.747,-3274.579,-2928.406,-7239.414
125,-3168.512,310.662,-3208.579,325.533,344.502,-1892.672,-1760.222,-7278.066
126,-3203.181,-2007.286,-3240.991,-1674.347,-2202.318,-1905.915,-2115.359,-7318.198
127,-3249.239,-5950.762,-3374.399,-5497.778,-6229.789,-3590.504,-4017.651,-7313.186
128,-3225.407,-5804.414,-3411.602,-5857.527,-5532.772,-4683.571,-4713.745,-7254.184
129,-3169.23,-1314.301,-3282.72,-1715.421,-793.663,-3287.798,-2940.197,-7239.067
130,-3168.739,335.35,-3207.52,346.964,367.595,-1885.442,-1750.366,-7278.943
131,-3203.35,-1955.221,-3239.207,-1620.759,-2152.787,-1884.35,-2093.525,-7319.263
132,-3248.901,-5933.251,-3372.494,-5477.801,-6216.149,-3569.63,-4000.187,-7313.429
133,-3224.732,-5830.715,-3410.715,-5879.529,-5562.173,-4683.581,-4718.831,-7253.296
134,-3168.656,-1340.493,-3282.241,-1740.994,-814.585,-3297.791,-2950.303,-7238.198
135,-3168.429,342.278,-3206.564,350.923,377.085,-1886.558,-1749.082,-7278.794
136,-3202.913,-1928.769,-3237.591,-1594.347,-2126.292,-1875.343,-2082.898,-7319.249
137,-3248.208,-5923.062,-3370.752,-5465.77,-6208.437,-3558.606,-3990.637,-7313.056
138,-3224.189,-5854.377,-3410.064,-5899.851,-5589.446,-4687.679,-4726.475,-7252.549
139,-3168.274,-1362.432,-3281.98,-1763.781,-837.557,-3309.946,-2961.702,-7237.531
140,-3168.021,345.71,-3205.757,351.679,381.746,-1892.102,-1751.246,-7278.372
141,-3202.447,-1910.562,-3236.28,-1576.776,-2107.543,-1871.975,-2077.034,-7318.991
142,-3247.841,-5907.403,-3369.234,-5449.364,-6193.641,-3548.494,-3980.871,-7313.124
143,-3224.035,-5862.874,-3409.223,-5905.898,-5600.117,-4685.288,-4726.856,-7252.577
144,-3167.95,-1371.066,-3281.236,-1772.471,-846.702,-3313.627,-2964.797,-7237.241
145,-3167.57,353.661,-3204.487,358.118,389.7,-1889.569,-1746.486,-7278.125
146,-3246.956,-5878.889,-3365.843,-5418.8,-6168.907,-3522.85,-3957.906,-7313.224
147,-3221.032,-6000.946,-3403.096,-6021.536,-5762.831,-4699.322,-4763.965,-7250.094
148,-3199.115,-1763.346,-3225.954,-1434.246,-1956.931,-1825.326,-2020.941,-7318.185
149,-3167.316,361.824,-3203.678,362.781,399.941,-1891.804,-1746.537,-7277.987
150,-3223.417,-5900.436,-3407.749,-5936.509,-5644.437,-4686.12,-4735.313,-7252.007
151,-3165.433,-1469.267,-3277.995,-1878.321,-947.484,-3362.117,-3013.709,-7234.042
152,-3244.969,-5831.538,-3359.552,-5368.408,-6124.992,-3486.53,-3923.367,-7313.153
153,-3201.152,-1842.081,-3231.822,-1510.894,-2038.19,-1849.102,-2049.909,-7318.687
154,-3220.084,-6029.091,-3401.255,-6044.881,-5795.263,-4701.314,-4770.921,-7249.556
155,-3165.148,-1486.591,-3277.743,-1895.469,-965.09,-3374.154,-3024.433,-7233.669
156,-3167.042,-1425.387,-3280.072,-1826.055,-897.341,-3340.444,-2991.551,-7235.873
157,-3197.377,-1704.049,-3221.472,-1377.579,-1896.709,-1805.354,-1997.809,-7317.767
158,-3164.403,-1511.843,-3276.533,-1920.152,-990.986,-3386.359,-3036.796,-7233.02
159,-3164.716,-1501.341,-3277.062,-1909.637,-981.86,-3379.604,-3030.479,-7233.268
160,-3164.172,395.101,-3196.621,378.979,438.661,-1902.381,-1745.156,-7275.864
161,-3198.077,-1720.773,-3223.017,-1393.239,-1914.194,-1811.041,-2004.56,-7318.027
162,-3243.133,-5806.484,-3354.873,-5338.915,-6104.241,-3459.982,-3900.682,-7312.704
163,-3163.672,-1527.1,-3275.616,-1935.267,-1005.411,-3392.269,-3043.28,-7232.361
164,-3162.979,400.432,-3194.493,381.323,445.84,-1905.199,-1745.887,-7275.101
165,-3196.665,-1688.534,-3220.025,-1363.079,-1880.426,-1801.301,-1992.612,-7317.445
166,-3241.743,-5780.747,-3351.405,-5311.569,-6080.069,-3441.952,-3882.592,-7312.515
167,-3219.769,-6039.509,-3400.344,-6053.012,-5808.454,-4701.164,-4772.78,-7249.573
168,-3163.247,-1539.879,-3274.965,-1949.694,-1019.425,-3398.094,-3049.671,-7232.038
169,-3162.311,401.123,-3193.472,380.082,447.56,-1908.05,-1747.841,-7274.579
170,-3195.091,-1664.865,-3217.183,-1340.695,-1854.437,-1795.929,-1984.342,-7316.521
171,-3241.159,-5769.377,-3349.899,-5299.494,-6069.279,-3434.738,-3875.241,-7312.479
172,-3219.352,-6052.029,-3399.456,-6063.146,-5823.148,-4702.332,-4775.683,-7249.409
173,-3162.719,-1555.322,-3274.317,-1965.081,-1031.777,-3405.73,-3056.687,-7231.546
174,-3240.41,-5757.116,-3348.241,-5286.561,-6057.388,-3426.897,-3867.374,-7312.241
175,-3218.882,-6063.081,-3398.487,-6071.607,-5836.945,-4702.522,-4778.043,-7249.197
176,-3162.132,-1571.119,-3273.609,-1981.119,-1048.106,-3412.282,-3064.198,-7231.007
177,-3160.996,401.168,-3191.552,377.187,450.255,-1914.711,-1752.356,-7273.56
178,-3194.445,-1653.023,-3215.966,-1330.68,-1841.249,-1793.641,-1981.101,-7316.207
179,-3239.817,-5742.666,-3346.675,-5272.032,-6043.079,-3419.094,-3858.922,-7312.222
180,-3218.547,-6071.818,-3397.54,-6078.136,-5848.469,-4701.697,-4778.985,-7249.178
181,-3161.618,-1585.214,-3272.929,-1995.889,-1062.3,-3418.291,-3070.434,-7230.557
182,-3160.342,401.406,-3190.599,375.687,451.79,-1917.772,-1754.157,-7273.046
183,-3193.806,-1642.171,-3214.752,-1320.778,-1829.012,-1791.395,-1977.771,-7315.891
184,-3239.272,-5730.189,-3345.213,-5259.26,-6030.789,-3411.134,-3851.371,-7312.231
185,-3218.352,-6080.634,-3396.749,-6084.713,-5859.645,-4700.444,-4780.147,-7249.28
186,-3161.129,-1601.632,-3272.317,-2012.744,-1076.802,-3424.836,-3077.278,-7230.078
187,-3192.881,-1632.787,-3213.349,-1311.572,-1818.523,-1790.247,-1974.893,-7315.237
188,-3238.595,-5716.745,-3343.657,-5245.404,-6017.593,-3404.087,-3843.677,-7312.076
189,-3217.948,-6088.976,-3395.776,-6090.42,-5870.939,-4699.559,-4781.039,-7249.15
190,-3160.711,-1621.504,-3271.854,-2032.262,-1095.911,-3432.544,-3085.437,-7229.657
191,-3158.971,398.005,-3188.931,368.47,452.109,-1927.984,-1761.602,-7271.809
192,-3192.385,-1623.384,-3212.432,-1303.664,-1808.093,-1790.103,-1973.327,-7314.97
193,-3238.205,-5704.378,-3342.457,-5232.796,-6005.346,-3397.768,-3837.386,-7312.12
194,-3217.727,-6095.471,-3394.984,-6094.79,-5879.778,-4697.996,-4781.89,-7249.169
195,-3160.221,-1636.332,-3271.249,-2047.32,-1111.011,-3437.654,-3091.588,-7229.162
196,-3158.227,395.961,-3188.093,364.931,451.4,-1932.277,-1764.905,-7271.082
197,-3191.583,-1616.708,-3211.281,-1297.948,-1800.156,-1790.041,-1971.804,-7314.352
198,-3237.569,-5690.061,-3340.984,-5218.906,-5990.966,-3391.821,-3830.149,-7311.966
199,-3217.419,-6099.992,-3394.024,-6096.738,-5886.409,-4696.849,-4781.249,-7249.163
200,-3159.737,-1652.065,-3270.636,-2062.372,-1124.217,-3442.516,-3097.368,-7228.707
201,-3157.712,397.427,-3187.326,364.091,454.848,-1933.779,-1766.484,-7270.717
202,-3190.981,-1600.557,-3210.05,-1282.663,-1783.475,-1785.143,-1966.587,-7314.112
203,-3236.921,-5677.514,-3339.467,-5206.202,-5979.439,-3382.985,-3822.058,-7311.769
204,-3216.901,-6110.876,-3393.083,-6105.271,-5900.094,-4695.98,-4783.119,-7248.794
205,-3159.231,-1669.587,-3270.141,-2079.984,-1142.464,-3449.749,-3104.673,-7228.176
206,-3157.067,397.418,-3186.546,361.622,456.356,-1938.433,-1769.147,-7270.159
207,-3190.416,-1586.377,-3208.984,-1270.509,-1768.114,-1783.183,-1962.406,-7313.834
208,-3236.532,-5660.492,-3338.118,-5190.208,-5962.939,-3374.964,-3812.441,-7311.924
209,-3216.66,-6115.607,-3392.174,-6107.657,-5907.196,-4693.727,-4781.642,-7248.875
210,-3158.811,-1687.025,-3269.607,-2095.494,-1157.259,-3454.863,-3110.603,-7227.79
211,-3156.482,396.655,-3185.798,359.346,458.063,-1941.608,-1771.669,-7269.668
212,-3189.782,-1573.585,-3207.85,-1258.756,-1754.052,-1780.51,-1958.606,-7313.475
213,-3236.079,-5647.415,-3336.815,-5176.619,-5950.441,-3366.842,-3804.858,-7311.914
214,-3216.484,-6125.612,-3391.526,-6115.144,-5920.002,-4692.907,-4783.624,-7248.867
215,-3158.495,-1704.761,-3269.278,-2113.486,-1175.47,-3461.67,-3117.975,-7227.436
216,-3155.961,396.097,-3185.17,356.423,459.058,-1946.282,-1775.008,-7269.18
217,-3189.112,-1560.131,-3206.717,-1246.627,-1739.628,-1778.479,-1954.881,-7313.033
218,-3235.497,-5633.404,-3335.377,-5162.577,-5937.05,-3358.71,-3796.666,-7311.776
219,-3216.138,-6134.602,-3390.704,-6121.74,-5931.316,-4691.904,-4784.981,-7248.707
220,-3158.0,-1719.882,-3268.721,-2127.935,-1189.774,-3467.269,-3124.324,-7226.942
221,-3155.497,396.723,-3184.512,355.374,461.288,-1948.92,-1776.999,-7268.821
222,-3188.638,-1546.841,-3205.733,-1234.604,-1725.323,-1775.306,-1950.887,-7312.841
223,-3234.954,-5620.951,-3334.034,-5149.976,-5925.269,-3350.987,-3789.195,-7311.657
224,-3215.759,-6143.444,-3389.876,-6128.289,-5942.064,-4691.509,-4786.255,-7248.498
225,-3157.693,-1733.682,-3268.333,-2141.641,-1200.769,-3472.72,-3130.049,-7226.634
226,-3154.982,397.75,-3183.741,354.555,464.198,-1950.759,-1778.184,-7268.444
227,-3155.802,-1841.794,-3267.295,-2237.951,-1296.829,-3518.757,-3177.06,-7224.083
228,-3215.436,-6158.28,-3389.328,-6140.552,-5959.094,-4693.777,-4790.605,-7248.184
229,-3154.417,393.784,-3183.219,350.274,461.427,-1957.299,-1783.086,-7267.816
230,-3187.407,-1530.371,-3203.771,-1219.886,-1706.452,-1774.037,-1946.83,-7311.967
231,-3234.05,-5592.494,-3331.516,-5122.131,-5897.145,-3336.979,-3774.195,-7311.597
232,-3232.011,-5556.122,-3327.149,-5083.806,-5865.551,-3308.114,-3747.854,-7310.584
233,-3153.087,398.253,-3181.112,351.056,473.933,-1965.187,-1784.443,-7266.907
234,-3153.951,392.179,-3182.713,346.365,462.279,-1962.113,-1787.034,-7267.316
235,-3186.829,-1519.507,-3202.83,-1210.515,-1694.094,-1773.017,-1944.356,-7311.493
236,-3233.311,-5586.696,-3330.301,-5116.051,-5892.742,-3332.287,-3770.064,-7310.989
237,-3214.454,-6206.522,-3387.632,-6179.239,-6016.079,-4697.602,-4803.727,-7247.26
238,-3156.773,-1788.182,-3267.697,-2190.381,-1250.718,-3498.663,-3155.832,-7225.457
239,-3153.645,401.597,-3181.721,354.813,473.103,-1959.726,-1781.446,-7267.452
240,-3186.266,-1479.687,-3201.047,-1172.557,-1655.095,-1758.243,-1928.31,-7311.58
241,-3152.251,393.075,-3180.408,344.862,471.388,-1970.657,-1788.927,-7265.979
242,-3184.769,-1461.492,-3198.973,-1156.306,-1634.624,-1757.066,-1923.997,-7310.342
243,-3231.276,-5542.204,-3325.743,-5070.564,-5851.518,-3302.66,-3741.309,-7310.257
244,-3214.089,-6223.379,-3386.429,-6191.529,-6037.733,-4697.191,-4806.835,-7247.351
245,-3155.647,-1847.999,-3266.934,-2244.598,-1303.771,-3522.761,-3180.215,-7224.115
246,-3151.994,400.252,-3179.594,350.407,477.938,-1968.387,-1784.341,-7266.084
247,-3184.401,-1436.439,-3197.697,-1132.609,-1610.049,-1747.616,-1913.237,-7310.489
248,-3230.825,-5524.187,-3324.204,-5052.464,-5835.164,-3289.251,-3728.402,-7310.393
249,-3213.889,-6234.51,-3385.707,-6199.487,-6051.543,-4694.163,-4806.823,-7247.459
250,-3155.327,-1866.054,-3266.644,-2262.326,-1321.845,-3527.964,-3187.322,-7223.858
251,-3151.367,396.0,-3179.052,344.603,474.869,-1972.758,-1789.437,-7265.424
252,-3183.644,-1434.576,-3196.811,-1132.011,-1607.373,-1749.012,-1913.712,-7309.782
253,-3230.212,-5513.174,-3323.011,-5041.976,-5824.624,-3286.299,-3723.277,-7310.112
254,-3180.931,-1367.247,-3192.119,-1069.735,-1538.984,-1732.131,-1892.019,-7308.202
255,-3154.884,-1882.414,-3266.277,-2280.224,-1337.292,-3535.071,-3195.014,-7223.427
256,-3150.662,395.731,-3178.269,341.424,476.115,-1975.224,-1791.756,-7264.782
257,-3153.681,-1942.347,-3265.701,-2339.714,-1394.795,-3563.149,-3224.058,-7221.984
258,-3228.249,-5475.254,-3318.891,-5002.211,-5791.109,-3262.426,-3699.696,-7309.332
259,-3213.341,-6251.935,-3384.294,-6212.104,-6073.464,-4695.024,-4809.733,-7247.432
260,-3154.522,-1901.365,-3265.99,-2298.804,-1355.467,-3541.596,-3202.86,-7223.071
261,-3149.564,396.082,-3176.988,337.215,479.625,-1982.21,-1795.933,-7263.841
262,-3182.287,-1404.323,-3194.504,-1103.511,-1576.939,-1740.596,-1903.704,-7308.927
263,-3228.906,-5484.862,-3320.141,-5013.007,-5799.338,-3269.212,-3705.867,-7309.66
264,-3212.923,-6267.888,-3383.731,-6225.004,-6092.095,-4697.274,-4813.989,-7247.052
265,-3227.576,-5460.141,-3317.394,-4986.486,-5777.456,-3252.64,-3689.327,-7309.156
266,-3212.15,-6297.896,-3382.641,-6249.589,-6127.325,-4700.945,-4822.271,-7246.463
267,-3153.476,-1961.487,-3265.639,-2358.426,-1413.047,-3571.568,-3232.578,-7221.786
268,-3148.626,399.808,-3175.736,336.474,486.413,-1988.212,-1797.975,-7263.191
269,-3148.026,401.848,-3174.884,335.955,489.888,-1989.613,-1797.52,-7262.809
270,-3226.98,-5446.662,-3316.052,-4971.927,-5764.98,-3243.618,-3680.75,-7309.009
271,-3179.669,-1326.98,-3189.685,-1031.356,-1498.091,-1720.77,-1877.757,-7307.631
272,-3226.427,-5433.769,-3314.714,-4957.904,-5753.708,-3233.651,-3671.004,-7308.961
273,-3211.62,-6325.825,-3381.626,-6272.123,-6160.516,-4702.664,-4828.704,-7246.342
274,-3152.871,-1997.787,-3265.329,-2394.927,-1448.07,-3588.686,-3249.921,-7221.227
275,-3146.982,404.293,-3173.621,333.735,495.419,-1997.152,-1800.887,-7262.043
276,-3179.022,-1310.937,-3188.625,-1016.278,-1481.102,-1717.939,-1873.081,-7307.252
277,-3225.67,-5424.142,-3313.378,-4947.227,-5745.292,-3226.732,-3664.347,-7308.593
278,-3178.386,-1288.569,-3187.383,-995.669,-1458.721,-1711.583,-1865.519,-7306.995
279,-3225.077,-5409.946,-3312.029,-4932.166,-5732.339,-3216.766,-3655.004,-7308.549
280,-3210.841,-6360.516,-3380.721,-6301.266,-6201.084,-4708.05,-4839.686,-7245.949
281,-3152.097,-2037.877,-3265.154,-2435.728,-1489.286,-3609.561,-3270.646,-7220.507
282,-3146.326,404.589,-3172.994,331.331,497.419,-2001.716,-1803.324,-7261.559
283,-3177.462,-1271.575,-3186.136,-980.034,-1440.301,-1708.442,-1860.496,-7306.396
284,-3149.719,-2294.437,-3266.557,-2686.15,-1758.282,-3720.265,-3389.094,-7219.496
285,-3210.422,-6371.284,-3380.017,-6309.117,-6214.406,-4707.254,-4841.712,-7245.926
286,-3151.675,-2056.037,-3264.887,-2453.482,-1506.411,-3616.779,-3279.272,-7220.226
287,-3218.131,-5249.543,-3298.224,-4762.627,-5581.248,-3112.714,-3553.735,-7306.818
288,-3176.606,-1253.371,-3184.874,-962.786,-1421.143,-1703.821,-1854.672,-7305.829
289,-3140.131,398.075,-3168.045,298.539,509.556,-2045.561,-1830.41,-7256.217
290,-3210.271,-6379.795,-3379.441,-6314.731,-6226.269,-4703.514,-4841.41,-7246.364
291,-3151.339,-2076.663,-3264.751,-2473.591,-1528.749,-3624.109,-3287.908,-7220.096
292,-3209.366,-6481.854,-3377.291,-6395.772,-6351.153,-4707.19,-4865.141,-7248.061
293,-3175.617,-1236.397,-3183.599,-947.834,-1402.759,-1700.909,-1849.689,-7305.084
294,-3214.34,-5132.705,-3289.953,-4635.041,-5475.937,-3029.861,-3475.905,-7306.159
295,-3150.087,-2206.547,-3265.462,-2601.68,-1664.53,-3682.186,-3349.002,-7219.551
296,-3150.982,-2099.039,-3264.659,-2495.731,-1552.156,-3635.764,-3299.103,-7219.885
297,-3149.893,-2426.979,-3269.31,-2812.33,-1902.931,-3779.685,-3451.531,-7220.044
298,-3220.059,-5296.552,-3301.969,-4812.736,-5624.936,-3141.796,-3582.166,-7307.342
299,-3216.021,-5174.796,-3293.211,-4681.189,-5513.505,-3060.174,-3504.357,-7306.588
300,-3209.732,-6421.321,-3378.619,-6349.043,-6275.488,-4708.863,-4853.177,-7246.545
301,-3209.739,-6442.102,-3378.282,-6365.081,-6301.216,-4707.967,-4857.287,-7247.221
302,-3149.999,-2353.93,-3267.91,-2742.742,-1825.231,-3745.876,-3416.529,-7219.934
303,-3173.551,-1170.489,-3180.244,-885.61,-1333.946,-1683.15,-1826.783,-7303.856
304,-3217.187,-5212.784,-3295.892,-4723.272,-5547.11,-3088.303,-3530.292,-7306.751
305,-3209.783,-6628.513,-3377.032,-6515.199,-6525.63,-4716.681,-4902.779,-7251.824
306,-3149.314,-2462.431,-3269.386,-2848.312,-1937.584,-3794.954,-3468.104,-7220.076
307,-3135.089,379.998,-3165.028,257.249,506.518,-2088.011,-1853.043,-7251.699
308,-3162.233,-865.221,-3165.349,-601.602,-1019.916,-1611.963,-1729.469,-7295.409
309,-3213.097,-5116.171,-3288.097,-4617.951,-5459.547,-3021.016,-3467.046,-7306.044
310,-3209.096,-6636.916,-3376.005,-6520.95,-6536.449,-4714.474,-4903.775,-7252.15
311,-3148.601,-2474.136,-3268.706,-2860.096,-1950.073,-3800.565,-3474.354,-7220.141
312,-3161.181,-842.329,-3163.559,-581.384,-996.156,-1602.392,-1718.874,-7295.543
313,-3211.917,-5101.202,-3286.168,-4601.352,-5446.432,-3008.942,-3455.752,-7306.104
314,-3208.131,-6659.367,-3375.163,-6539.832,-6562.286,-4717.912,-4910.08,-7251.989
315,-3147.464,-2503.924,-3268.275,-2889.483,-1979.247,-3815.226,-3488.732,-7219.524
316,-3132.822,374.442,-3163.0,248.239,503.908,-2099.136,-1859.854,-7250.869
317,-3159.766,-839.961,-3162.45,-579.489,-992.073,-1608.877,-1722.587,-7294.714
318,-3210.607,-5092.697,-3284.746,-4593.272,-5437.772,-3007.893,-3453.592,-7305.65
319,-3207.229,-6672.525,-3374.422,-6550.712,-6577.555,-4722.155,-4916.442,-7251.836
320,-3146.566,-2520.925,-3267.876,-2906.642,-1994.482,-3825.397,-3499.616,-7219.217
321,-3141.916,-2436.377,-3261.434,-2828.202,-1893.49,-3779.894,-3456.455,-7216.815
322,-3158.524,-830.063,-3161.2,-571.262,-981.877,-1608.263,-1721.029,-7294.269
323,-3206.697,-5076.722,-3281.878,-4588.721,-5411.767,-3026.572,-3463.576,-7304.269
324,-3208.195,-5065.627,-3281.723,-4566.925,-5410.355,-2994.978,-3439.937,-7305.183
325,-3145.626,-2535.107,-3267.244,-2920.094,-2008.117,-3831.42,-3506.201,-7218.942
326,-3129.897,346.319,-3161.547,217.957,483.042,-2132.138,-1893.174,-7250.649
327,-3207.274,-5052.373,-3280.611,-4555.362,-5395.932,-2991.457,-3435.378,-7305.079
328,-3204.536,-6677.674,-3371.349,-6551.102,-6588.116,-4712.348,-4912.53,-7251.359
329,-3129.811,364.848,-3159.871,247.199,492.216,-2099.603,-1871.239,-7251.529
330,-3158.186,-1002.513,-3163.416,-734.567,-1151.187,-1666.941,-1787.916,-7296.287
331,-3206.706,-5112.559,-3282.919,-4629.234,-5442.599,-3048.684,-3485.301,-7304.558
332,-3200.652,-6553.958,-3366.989,-6444.196,-6447.181,-4688.834,-4871.711,-7246.919
333,-3140.519,-2381.077,-3259.075,-2776.796,-1836.449,-3756.289,-3431.317,-7215.367
334,-3129.447,372.108,-3158.811,260.316,492.811,-2086.811,-1862.342,-7251.616
335,-3158.344,-1043.312,-3163.78,-773.601,-1192.961,-1674.326,-1798.646,-7296.861
336,-3206.434,-5128.842,-3283.12,-4647.58,-5457.018,-3059.431,-3495.313,-7304.516
337,-3199.936,-6564.347,-3366.819,-6454.213,-6458.083,-4697.319,-4879.332,-7246.026
338,-3139.824,-2397.118,-3259.059,-2790.964,-1852.383,-3767.094,-3440.807,-7214.351
339,-3128.776,372.418,-3158.378,259.831,494.907,-2090.421,-1863.226,-7250.994
340,-3157.627,-1019.789,-3162.817,-751.489,-1168.495,-1668.253,-1790.635,-7296.484
341,-3127.663,362.368,-3158.079,245.933,489.006,-2103.147,-1872.666,-7250.241
342,-3198.916,-6587.272,-3366.009,-6470.833,-6487.924,-4693.873,-4882.326,-7245.375
343,-3139.496,-2435.614,-3259.696,-2826.786,-1892.482,-3783.657,-3458.251,-7213.902
344,-3128.16,366.157,-3158.353,250.419,492.243,-2100.346,-1870.353,-7250.489
345,-3156.868,-997.972,-3162.009,-731.151,-1146.021,-1665.751,-1785.916,-7296.101
346,-3156.535,-1002.568,-3161.852,-736.834,-1150.586,-1668.449,-1788.195,-7296.146
347,-3204.542,-5089.434,-3280.426,-4607.646,-5418.559,-3038.252,-3473.975,-7304.045
348,-3198.356,-6583.274,-3365.471,-6467.045,-6483.77,-4692.057,-4880.564,-7244.929
349,-3138.507,-2446.014,-3259.179,-2838.539,-1903.129,-3785.821,-3462.586,-7212.932
350,-3127.314,363.484,-3157.774,245.914,489.623,-2102.847,-1873.071,-7250.107
351,-3156.077,-1003.226,-3161.416,-736.581,-1151.313,-1668.299,-1788.236,-7295.994
352,-3198.046,-6591.179,-3365.37,-6473.779,-6492.828,-4693.944,-4883.442,-7244.731
353,-3138.082,-2454.154,-3259.111,-2846.695,-1910.489,-3791.371,-3467.816,-7212.489
354,-3126.794,364.411,-3157.424,245.643,491.008,-2105.708,-1874.509,-7249.683
355,-3155.522,-991.412,-3160.791,-726.211,-1139.087,-1666.366,-1784.864,-7295.686
356,-3203.367,-5072.974,-3278.914,-4591.584,-5402.66,-3029.129,-3464.541,-7303.614
357,-3197.615,-6600.862,-3365.012,-6481.219,-6504.934,-4693.637,-4885.416,-7244.547
358,-3137.699,-2473.028,-3259.204,-2865.001,-1928.65,-3799.252,-3476.249,-7212.141
359,-3126.259,362.121,-3157.134,240.884,491.15,-2110.151,-1877.102,-7249.267
360,-3154.85,-976.094,-3160.017,-712.229,-1122.512,-1663.619,-1780.347,-7295.311
361,-3202.566,-5058.619,-3277.812,-4576.863,-5388.5,-3020.871,-3456.257,-7303.244
362,-3196.86,-6607.674,-3364.362,-6485.843,-6513.876,-4691.482,-4885.718,-7243.964
363,-3137.117,-2487.533,-3259.069,-2879.416,-1943.301,-3804.486,-3482.748,-7211.581
364,-3125.779,360.634,-3156.9,237.66,490.882,-2112.448,-1879.26,-7248.974
365,-3154.393,-965.087,-3159.522,-701.509,-1110.873,-1660.787,-1776.995,-7295.204
366,-3202.111,-5046.841,-3277.082,-4564.667,-5377.084,-3014.357,-3449.24,-7303.297
367,-3196.644,-6614.942,-3364.184,-6491.08,-6523.127,-4691.234,-4886.268,-7244.024
368,-3136.879,-2504.276,-3259.292,-2895.057,-1959.859,-3811.165,-3490.004,-7211.401
369,-3125.209,358.039,-3156.689,233.478,490.144,-2116.716,-1883.167,-7248.524
370,-3153.665,-952.678,-3158.861,-690.988,-1097.634,-1659.194,-1774.462,-7294.74
371,-3201.427,-5032.815,-3276.169,-4551.266,-5364.164,-3007.909,-3441.816,-7303.112
372,-3196.31,-6624.245,-3363.994,-6498.069,-6534.554,-4692.232,-4887.998,-7244.016
373,-3136.392,-2520.752,-3259.347,-2910.047,-1975.674,-3817.448,-3497.317,-7210.995
374,-3124.569,355.129,-3156.467,229.151,488.813,-2119.584,-1886.853,-7247.989
375,-3152.851,-944.029,-3158.199,-684.094,-1088.271,-1657.666,-1772.918,-7294.139
376,-3200.671,-5019.877,-3275.239,-4539.249,-5352.233,-3002.621,-3435.211,-7302.754
377,-3195.81,-6631.169,-3363.613,-6503.044,-6543.297,-4693.272,-4888.794,-7243.729
378,-3135.977,-2533.922,-3259.401,-2923.059,-1986.012,-3824.055,-3503.86,-7210.606
379,-3124.094,354.19,-3156.292,226.728,489.416,-2122.522,-1889.336,-7247.633
380,-3152.382,-933.982,-3157.77,-674.582,-1077.815,-1655.659,-1770.218,-7293.952
381,-3200.059,-5005.354,-3274.352,-4524.899,-5338.511,-2995.644,-3427.387,-7302.597
382,-3195.376,-6636.314,-3363.167,-6506.009,-6550.386,-4691.818,-4888.442,-7243.502
383,-3135.62,-2548.139,-3259.433,-2936.544,-1997.313,-3829.147,-3509.99,-7210.247
384,-3123.603,351.181,-3156.123,222.558,488.629,-2125.718,-1892.683,-7247.209
385,-3151.699,-927.035,-3157.204,-668.596,-1070.382,-1654.739,-1768.732,-7293.459
386,-3199.42,-4991.759,-3273.474,-4511.784,-5325.596,-2988.414,-3420.023,-7302.365
387,-3195.157,-6642.996,-3362.971,-6510.701,-6559.147,-4690.144,-4889.023,-7243.501
388,-3135.186,-2561.622,-3259.444,-2949.846,-2012.312,-3834.814,-3516.502,-7209.814
389,-3123.107,350.044,-3155.922,219.975,487.761,-2128.827,-1894.824,-7246.834
390,-3151.252,-917.101,-3156.802,-660.356,-1059.469,-1653.127,-1766.057,-7293.261
391,-3198.889,-4977.216,-3272.667,-4497.024,-5311.45,-2981.146,-3412.192,-7302.307
392,-3194.75,-6649.509,-3362.582,-6514.826,-6567.894,-4688.483,-4889.028,-7243.372
393,-3134.929,-2578.549,-3259.681,-2966.387,-2027.113,-3841.639,-3523.967,-7209.51
394,-3122.573,347.556,-3155.716,216.422,487.39,-2132.35,-1897.171,-7246.362
395,-3150.534,-906.545,-3156.142,-650.325,-1048.284,-1651.027,-1762.819,-7292.779
396,-3198.232,-4961.581,-3271.715,-4481.486,-5296.284,-2973.117,-3403.507,-7302.121
397,-3134.512,-2594.636,-3259.744,-2981.736,-2044.197,-3848.116,-3531.31,-7209.109
398,-3121.949,345.018,-3155.422,212.145,485.546,-2136.324,-1900.043,-7245.837
399,-3149.912,-897.621,-3155.574,-642.847,-1038.93,-1649.884,-1760.259,-7292.392
400,-3197.604,-4945.142,-3270.744,-4465.711,-5279.839,-2965.159,-3394.49,-7301.961
401,-3194.14,-6661.301,-3361.896,-6521.759,-6584.685,-4683.974,-4887.683,-7243.323
402,-3134.021,-2611.236,-3259.7,-2997.419,-2060.681,-3854.201,-3537.492,-7208.656
403,-3121.268,340.864,-3155.241,205.759,483.481,-2142.489,-1904.297,-7245.167
404,-3149.174,-891.897,-3155.128,-638.697,-1032.077,-1651.802,-1759.954,-7291.791
405,-3196.982,-4932.562,-3270.023,-4454.219,-5267.241,-2959.837,-3388.406,-7301.79
406,-3193.822,-6670.048,-3361.716,-6528.211,-6595.869,-4683.214,-4889.641,-7243.311
407,-3133.781,-2631.636,-3260.095,-3016.024,-2079.967,-3863.177,-3547.312,-7208.38
408,-3120.734,336.952,-3155.179,200.997,481.893,-2148.359,-1908.506,-7244.672
409,-3148.548,-881.269,-3154.644,-628.101,-1020.746,-1650.976,-1757.547,-7291.346
410,-3196.34,-4914.732,-3269.069,-4436.242,-5249.304,-2950.894,-3379.267,-7301.607
411,-3193.507,-6673.956,-3361.291,-6529.505,-6602.493,-4678.75,-4888.201,-7243.345
412,-3133.401,-2649.042,-3260.178,-3032.575,-2098.452,-3869.041,-3554.511,-7207.994
413,-3120.201,334.608,-3154.967,196.918,480.907,-2151.992,-1910.765,-7244.168
414,-3147.776,-869.446,-3153.932,-618.566,-1008.314,-1649.045,-1754.319,-7290.737
415,-3195.483,-4902.016,-3268.033,-4423.947,-5236.952,-2943.246,-3372.044,-7301.124
416,-3192.985,-6683.064,-3360.906,-6536.536,-6613.904,-4677.166,-4889.846,-7243.025
417,-3132.954,-2665.485,-3260.231,-3048.162,-2114.927,-3876.567,-3562.459,-7207.573
418,-3119.647,333.484,-3154.615,194.864,480.986,-2155.339,-1911.362,-7243.829
419,-3147.205,-854.529,-3153.259,-604.19,-992.68,-1645.446,-1748.66,-7290.541
420,-3194.979,-4886.457,-3267.202,-4407.743,-5221.856,-2933.595,-3362.629,-7301.177
421,-3192.81,-6691.646,-3360.791,-6542.351,-6625.192,-4673.951,-4890.145,-7243.2
422,-3132.736,-2683.684,-3260.553,-3065.357,-2133.33,-3883.379,-3570.489,-7207.416
423,-3119.101,330.849,-3154.442,191.166,479.781,-2159.468,-1913.939,-7243.406
424,-3146.616,-845.478,-3152.799,-595.889,-982.944,-1644.386,-1746.225,-7290.183
425,-3194.454,-4874.637,-3266.527,-4395.9,-5210.014,-2927.764,-3356.252,-7301.053
426,-3192.495,-6701.388,-3360.622,-6549.787,-6637.321,-4674.757,-4892.486,-7243.096
427,-3132.392,-2701.549,-3260.752,-3082.989,-2152.844,-3892.084,-3579.442,-7207.075
428,-3118.569,328.473,-3154.255,186.886,478.298,-2164.304,-1916.919,-7242.993
429,-3145.786,-834.617,-3152.049,-586.294,-971.124,-1643.049,-1743.093,-7289.631
430,-3193.482,-4861.604,-3265.389,-4382.728,-5196.426,-2920.687,-3348.767,-7300.545
431,-3191.926,-6706.987,-3360.116,-6553.401,-6644.942,-4672.539,-4892.287,-7242.867
432,-3132.016,-2716.835,-3260.861,-3098.01,-2169.389,-3898.273,-3586.014,-7206.839
433,-3118.121,325.392,-3154.209,181.837,476.563,-2168.869,-1919.867,-7242.727
434,-3145.377,-826.245,-3151.808,-579.443,-961.93,-1642.758,-1741.404,-7289.524
435,-3192.944,-4847.767,-3264.685,-4369.63,-5182.354,-2914.319,-3341.749,-7300.539
436,-3191.576,-6709.634,-3359.719,-6554.219,-6649.631,-4669.231,-4890.686,-7242.972
437,-3131.634,-2730.729,-3260.864,-3111.047,-2182.517,-3903.044,-3591.6,-7206.627
438,-3117.394,322.954,-3153.862,178.156,475.606,-2172.402,-1922.156,-7242.167
439,-3144.618,-819.002,-3151.235,-572.799,-954.302,-1642.345,-1739.552,-7289.031
440,-3191.167,-6715.549,-3359.37,-6558.116,-6657.787,-4667.985,-4891.321,-7242.847
441,-3131.253,-2746.224,-3260.931,-3125.504,-2200.201,-3909.233,-3598.934,-7206.316
442,-3116.94,320.566,-3153.712,174.629,473.772,-2175.672,-1924.944,-7241.884
443,-3144.121,-808.989,-3150.794,-563.894,-943.346,-1640.559,-1737.035,-7288.847
444,-3191.72,-4822.058,-3263.127,-4344.428,-5156.677,-2901.682,-3328.095,-7300.216
445,-3190.702,-6725.052,-3359.087,-6565.154,-6669.901,-4667.322,-4892.917,-7242.507
446,-3130.816,-2767.166,-3261.164,-3145.55,-2221.281,-3918.116,-3608.77,-7205.79
447,-3116.429,316.881,-3153.574,169.058,472.03,-2180.816,-1928.276,-7241.551
448,-3143.467,-797.345,-3150.152,-553.309,-930.888,-1638.762,-1733.657,-7288.599
449,-3190.946,-4805.899,-3262.066,-4328.437,-5140.434,-2893.457,-3319.286,-7300.014
450,-3190.213,-6727.483,-3358.538,-6565.586,-6674.541,-4663.128,-4890.647,-7242.38
451,-3130.424,-2782.073,-3261.161,-3159.655,-2236.607,-3922.486,-3614.244,-7205.496
452,-3116.011,313.232,-3153.482,164.101,469.895,-2184.454,-1931.111,-7241.333
453,-3142.964,-790.346,-3149.769,-546.562,-923.725,-1638.187,-1732.082,-7288.429
454,-3190.266,-4793.824,-3261.266,-4316.334,-5128.356,-2887.507,-3313.03,-7299.826
455,-3189.675,-6734.321,-3358.196,-6570.088,-6683.481,-4661.954,-4891.548,-7242.089
456,-3129.907,-2796.523,-3261.197,-3173.776,-2251.721,-3928.659,-3621.261,-7205.055
457,-3115.376,311.693,-3153.101,160.783,469.131,-2186.685,-1932.097,-7240.998
458,-3142.367,-779.805,-3149.117,-537.116,-912.707,-1635.362,-1728.141,-7288.269
459,-3189.716,-4780.167,-3260.411,-4302.576,-5114.592,-2879.699,-3305.267,-7299.79
460,-3189.246,-6737.457,-3357.687,-6571.326,-6688.459,-4657.679,-4889.781,-7241.969
461,-3129.509,-2810.826,-3261.184,-3187.975,-2263.955,-3933.222,-3626.792,-7204.76
462,-3114.766,308.443,-3152.844,155.894,468.177,-2190.663,-1934.574,-7240.581
463,-3141.647,-774.452,-3148.565,-531.604,-906.777,-1635.247,-1726.531,-7287.878
464,-3188.959,-4769.187,-3259.583,-4291.876,-5103.621,-2874.592,-3299.442,-7299.56
465,-3188.579,-6749.726,-3357.401,-6580.971,-6703.774,-4659.052,-4893.237,-7241.53
466,-3128.774,-2839.671,-3261.437,-3214.869,-2295.824,-3945.987,-3640.221,-7203.899
467,-3113.952,300.974,-3152.72,145.991,463.062,-2200.572,-1942.024,-7239.843
468,-3140.897,-761.661,-3148.014,-520.577,-892.787,-1636.601,-1725.377,-7287.462
469,-3188.198,-4753.695,-3258.675,-4276.19,-5088.148,-2867.462,-3291.976,-7299.334
470,-3188.032,-6756.103,-3357.052,-6584.912,-6712.636,-4656.421,-4893.509,-7241.278
471,-3128.302,-2860.012,-3261.697,-3234.509,-2316.439,-3954.134,-3649.614,-7203.418
472,-3113.474,295.977,-3152.86,138.373,460.611,-2208.14,-1947.978,-7239.436
473,-3140.331,-752.557,-3147.723,-512.914,-882.662,-1637.827,-1724.811,-7287.159
474,-3187.487,-4740.415,-3257.924,-4263.345,-5074.675,-2861.586,-3286.057,-7299.095
475,-3187.617,-6759.503,-3356.777,-6586.55,-6718.004,-4653.643,-4893.386,-7241.216
476,-3128.03,-2874.751,-3261.983,-3248.677,-2330.09,-3959.902,-3656.459,-7203.289
477,-3112.984,293.625,-3152.804,134.007,460.353,-2212.307,-1950.719,-7239.197
478,-3139.723,-739.932,-3147.234,-501.861,-869.292,-1635.895,-1721.377,-7286.937
479,-3187.287,-6758.354,-3356.276,-6583.635,-6718.769,-4647.475,-4889.206,-7241.374
480,-3127.562,-2888.551,-3261.843,-3260.891,-2344.99,-3961.459,-3660.328,-7203.023
481,-3112.308,289.013,-3152.545,127.779,457.844,-2214.859,-1953.941,-7238.65
482,-3138.904,-729.697,-3146.583,-493.438,-858.085,-1634.146,-1719.034,-7286.386
483,-3186.113,-4707.864,-3256.105,-4231.746,-5041.746,-2845.522,-3268.632,-7298.819
484,-3186.742,-6760.201,-3355.731,-6583.758,-6722.659,-4643.885,-4886.981,-7241.242
485,-3127.071,-2902.491,-3261.766,-3274.056,-2359.409,-3966.427,-3665.689,-7202.698
486,-3111.664,285.639,-3152.294,122.844,456.003,-2219.381,-1957.118,-7238.171
487,-3138.182,-721.804,-3146.051,-485.969,-849.144,-1633.949,-1717.317,-7285.921
488,-3185.425,-4695.463,-3255.309,-4219.217,-5029.413,-2839.446,-3262.094,-7298.572
489,-3186.369,-6767.416,-3355.529,-6588.775,-6731.949,-4642.759,-4888.037,-7241.14
490,-3126.876,-2917.459,-3262.114,-3288.212,-2374.681,-3972.744,-3673.082,-7202.601
491,-3111.245,284.515,-3152.184,120.995,455.782,-2221.962,-1958.653,-7238.004
492,-3137.551,-707.442,-3145.437,-472.847,-834.091,-1630.559,-1712.804,-7285.672
493,-3184.641,-4682.02,-3254.366,-4205.376,-5016.599,-2831.169,-3254.216,-7298.259
494,-3185.742,-6777.172,-3355.181,-6596.092,-6744.039,-4641.651,-4889.512,-7240.713
495,-3126.223,-2935.967,-3262.145,-3305.94,-2392.752,-3980.556,-3681.544,-7201.994
496,-3110.613,280.329,-3152.059,114.874,453.612,-2227.547,-1962.781,-7237.566
497,-3136.897,-699.198,-3145.013,-465.587,-825.137,-1630.691,-1711.342,-7285.315
498,-3184.024,-4667.787,-3253.601,-4191.426,-5002.391,-2824.75,-3246.986,-7298.093
499,-3185.351,-6781.934,-3354.849,-6598.848,-6750.984,-4639.036,-4889.089,-7240.603
500,-3125.759,-2951.198,-3262.196,-3320.978,-2408.392,-3985.748,-3688.366,-7201.591
501,-3109.883,275.736,-3151.865,108.518,450.464,-2232.365,-1967.605,-7236.877
502,-3136.043,-698.561,-3144.596,-465.773,-823.462,-1632.976,-1713.041,-7284.542
503,-3183.284,-4657.597,-3252.964,-4182.305,-4991.599,-2821.412,-3242.859,-7297.689
504,-3185.146,-6785.264,-3354.795,-6600.856,-6755.889,-4638.477,-4889.562,-7240.705
505,-3125.747,-2961.399,-3262.607,-3331.392,-2417.376,-3990.679,-3693.919,-7201.721
506,-3109.546,274.101,-3151.914,105.336,450.254,-2236.105,-1970.259,-7236.677
507,-3135.507,-690.388,-3144.252,-458.181,-814.936,-1632.528,-1710.896,-7284.25
508,-3182.56,-4640.848,-3252.057,-4165.978,-4974.541,-2813.686,-3234.196,-7297.459
509,-3184.709,-6787.414,-3354.335,-6600.746,-6760.316,-4634.084,-4887.236,-7240.662
510,-3125.304,-2974.261,-3262.602,-3343.615,-2431.017,-3994.889,-3699.077,-7201.459
511,-3108.972,272.553,-3151.721,102.523,449.418,-2239.125,-1972.312,-7236.311
512,-3134.878,-680.274,-3143.786,-449.451,-803.782,-1631.133,-1708.303,-7283.923
513,-3181.815,-4625.118,-3251.164,-4151.064,-4958.813,-2805.648,-3225.58,-7297.221
514,-3184.212,-6794.112,-3353.987,-6605.276,-6769.596,-4631.484,-4886.682,-7240.481
515,-3124.883,-2993.561,-3262.851,-3361.87,-2450.862,-4002.467,-3707.412,-7201.094
516,-3108.303,268.051,-3151.575,96.823,446.474,-2244.231,-1976.033,-7235.807
517,-3134.162,-673.066,-3143.316,-442.574,-795.759,-1630.864,-1706.709,-7283.469
518,-3181.21,-4608.005,-3250.366,-4134.492,-4941.032,-2797.684,-3216.951,-7297.102
519,-3183.969,-6795.677,-3353.679,-6604.439,-6773.533,-4626.497,-4884.084,-7240.614
520,-3107.787,262.615,-3151.578,89.979,443.376,-2249.335,-1980.342,-7235.391
521,-3133.482,-667.039,-3142.912,-437.285,-789.103,-1631.277,-1705.791,-7282.987
522,-3180.308,-4591.177,-3249.321,-4118.536,-4923.984,-2790.386,-3208.591,-7296.616
523,-3124.352,-3032.599,-3263.452,-3397.486,-2491.236,-4015.243,-3723.361,-7200.615
524,-3107.268,256.908,-3151.552,83.153,439.438,-2254.416,-1984.277,-7234.957
525,-3132.829,-660.796,-3142.512,-431.849,-782.329,-1631.379,-1704.607,-7282.524
526,-3179.711,-4577.899,-3248.655,-4105.989,-4910.691,-2784.784,-3202.133,-7296.396
527,-3183.148,-6804.683,-3353.021,-6608.95,-6787.565,-4621.307,-4882.526,-7240.308
528,-3123.981,-3051.157,-3263.693,-3414.574,-2510.541,-4022.299,-3731.203,-7200.226
529,-3106.794,251.811,-3151.605,76.629,436.267,-2259.843,-1988.414,-7234.507
530,-3132.336,-652.263,-3142.284,-424.732,-773.024,-1631.53,-1703.327,-7282.191
531,-3179.159,-4561.947,-3248.019,-4090.73,-4894.152,-2777.656,-3194.22,-7296.292
532,-3182.867,-6807.037,-3352.834,-6609.222,-6792.183,-4617.127,-4880.654,-7240.399
533,-3123.679,-3067.057,-3263.947,-3430.026,-2527.581,-4027.631,-3738.274,-7200.007
534,-3106.213,249.053,-3151.425,72.48,434.355,-2262.947,-1990.833,-7234.066
535,-3131.601,-643.281,-3141.716,-416.646,-763.682,-1629.518,-1700.458,-7281.722
536,-3178.234,-4547.432,-3247.009,-4076.61,-4879.389,-2770.447,-3186.304,-7295.808
537,-3182.087,-6812.253,-3352.229,-6612.229,-6799.789,-4614.883,-4879.951,-7239.903
538,-3123.152,-3088.345,-3264.15,-3449.987,-2549.587,-4035.45,-3747.3,-7199.535
539,-3105.434,242.831,-3151.243,63.728,430.962,-2268.102,-1995.131,-7233.519
540,-3130.724,-631.619,-3141.061,-407.42,-751.2,-1628.072,-1698.041,-7281.231
541,-3177.591,-4531.442,-3246.219,-4061.216,-4863.429,-2763.493,-3178.597,-7295.686
542,-3181.789,-6814.356,-3351.944,-6612.107,-6804.107,-4611.877,-4877.974,-7239.951
543,-3122.927,-3110.974,-3264.572,-3469.418,-2572.568,-4042.374,-3755.781,-7199.292
544,-3105.071,234.373,-3151.497,54.719,425.901,-2273.802,-2000.697,-7233.186
545,-3130.326,-624.943,-3140.961,-400.479,-744.349,-1628.388,-1697.73,-7281.019
546,-3177.091,-4516.751,-3245.62,-4047.801,-4849.482,-2758.764,-3172.026,-7295.607
547,-3181.48,-6815.874,-3351.646,-6611.811,-6807.896,-4610.408,-4876.067,-7239.953
548,-3122.463,-3136.392,-3264.802,-3489.5,-2595.431,-4049.942,-3764.566,-7198.674
549,-3104.423,222.214,-3151.627,43.013,420.238,-2281.287,-2007.894,-7232.399
550,-3129.779,-619.455,-3140.874,-396.922,-738.47,-1630.981,-1699.125,-7280.512
551,-3176.626,-4498.356,-3245.012,-4030.81,-4830.848,-2752.678,-3164.297,-7295.586
552,-3181.277,-6809.324,-3351.207,-6603.483,-6803.396,-4603.566,-4869.951,-7240.164
553,-3122.216,-3153.497,-3264.983,-3503.664,-2614.275,-4052.56,-3769.245,-7198.397
554,-3103.922,214.503,-3151.584,35.191,415.333,-2284.094,-2010.814,-7231.957
555,-3129.099,-611.587,-3140.414,-389.583,-729.959,-1629.104,-1696.711,-7280.054
556,-3175.862,-4484.714,-3244.199,-4017.288,-4817.423,-2745.817,-3156.975,-7295.231
557,-3180.814,-6811.374,-3350.848,-6603.585,-6807.321,-4599.923,-4867.942,-7239.99
558,-3121.932,-3171.146,-3265.307,-3520.301,-2629.754,-4057.882,-3776.141,-7198.119
559,-3103.521,207.736,-3151.912,26.342,412.684,-2290.782,-2017.31,-7231.536
560,-3175.356,-4471.801,-3243.786,-4005.127,-4804.277,-2741.993,-3151.737,-7295.118
561,-3180.537,-6808.424,-3350.592,-6599.327,-6805.917,-4596.094,-4864.501,-7240.076
562,-3121.479,-3180.101,-3265.273,-3529.211,-2641.134,-4060.292,-3779.189,-7197.808
563,-3102.78,204.148,-3151.735,20.652,408.926,-2294.512,-2020.576,-7230.887
564,-3127.843,-605.196,-3140.103,-385.267,-722.341,-1633.606,-1699.079,-7279.077
565,-3174.889,-4448.332,-3242.942,-3984.659,-4778.776,-2733.515,-3141.505,-7295.344
566,-3180.697,-6768.281,-3349.308,-6560.602,-6765.227,-4573.514,-4841.789,-7241.45
567,-3120.923,-3161.014,-3263.822,-3509.439,-2618.048,-4038.56,-3761.154,-7197.831
568,-3101.589,197.726,-3151.146,14.273,405.773,-2292.224,-2023.718,-7229.389
569,-3127.077,-654.982,-3140.804,-431.703,-769.016,-1651.342,-1718.817,-7277.762
570,-3175.089,-4450.661,-3243.564,-3992.508,-4775.88,-2744.889,-3148.6,-7295.844
571,-3181.497,-6732.321,-3349.017,-6526.926,-6727.918,-4562.936,-4826.961,-7243.177
572,-3120.808,-3155.277,-3263.262,-3500.547,-2615.651,-4027.076,-3750.762,-7197.892
573,-3100.754,186.095,-3151.017,0.786,398.115,-2295.078,-2028.144,-7228.128
574,-3126.404,-666.387,-3140.876,-444.006,-777.776,-1658.509,-1725.049,-7276.787
575,-3174.549,-4443.667,-3243.234,-3987.566,-4767.612,-2744.845,-3146.69,-7295.374
576,-3181.038,-6736.271,-3348.821,-6529.281,-6733.619,-4563.028,-4827.705,-7242.695
577,-3120.502,-3162.76,-3263.477,-3510.141,-2624.387,-4031.991,-3755.841,-7197.482
578,-3100.459,186.368,-3151.182,-2.083,396.686,-2298.873,-2031.656,-7227.734
579,-3125.999,-668.787,-3140.899,-446.224,-779.612,-1661.387,-1727.319,-7276.289
580,-3173.986,-4440.829,-3243.004,-3984.599,-4765.184,-2744.634,-3145.783,-7294.767
581,-3180.627,-6757.724,-3349.305,-6547.866,-6757.606,-4571.353,-4837.738,-7241.877
582,-3120.291,-3186.869,-3264.436,-3535.025,-2647.651,-4048.668,-3771.804,-7196.812
583,-3100.244,184.259,-3151.622,-7.794,396.371,-2309.16,-2038.452,-7227.336
584,-3125.772,-650.192,-3140.806,-429.889,-760.432,-1661.795,-1724.591,-7276.132
585,-3173.563,-4421.434,-3242.386,-3965.047,-4746.206,-2734.347,-3136.366,-7294.564
586,-3180.421,-6766.53,-3349.37,-6553.487,-6769.541,-4565.872,-4838.5,-7241.582
587,-3120.22,-3213.381,-3265.326,-3559.496,-2674.47,-4058.847,-3784.536,-7196.293
588,-3100.142,178.317,-3152.107,-14.385,393.275,-2317.374,-2043.001,-7227.114
589,-3125.473,-635.115,-3140.66,-415.486,-744.772,-1660.927,-1720.757,-7275.901
590,-3173.158,-4404.673,-3241.869,-3947.879,-4729.962,-2726.606,-3127.628,-7294.35
591,-3180.23,-6774.924,-3349.464,-6559.192,-6780.712,-4564.404,-4839.309,-7241.322
592,-3120.148,-3239.616,-3266.156,-3582.807,-2700.404,-4069.326,-3796.088,-7195.731
593,-3099.877,169.503,-3152.495,-22.692,388.972,-2324.501,-2047.974,-7226.532
594,-3125.212,-623.354,-3140.622,-404.914,-732.742,-1660.226,-1718.377,-7275.537
595,-3172.614,-4390.174,-3241.291,-3933.247,-4715.262,-2719.387,-3120.049,-7293.892
596,-3179.842,-6780.814,-3349.332,-6562.842,-6788.873,-4562.005,-4839.154,-7240.886
597,-3119.959,-3257.226,-3266.667,-3598.828,-2717.598,-4076.738,-3804.122,-7195.253
598,-3099.617,167.81,-3152.527,-24.104,389.164,-2326.724,-2047.68,-7226.243
599,-3124.909,-604.533,-3140.212,-388.277,-713.654,-1654.352,-1710.713,-7275.407
